# Donnees Temperature / Potentiel(calibré),pour V :  écart type =0.029829782328061855 et moyenne = 1.5762311557788942
-188.14,1.69
-188.14,1.69
-188.14,1.70
-188.14,1.68
-188.14,1.66
-188.14,1.66
-188.14,1.67
-188.14,1.65
-188.14,1.64
-188.14,1.64
-188.14,1.65
-188.14,1.63
-188.14,1.62
-188.14,1.62
-188.14,1.63
-188.14,1.62
-188.14,1.60
-188.14,1.61
-188.14,1.62
-188.14,1.60
-188.14,1.59
-188.14,1.60
-188.14,1.61
-188.14,1.59
-188.14,1.58
-188.14,1.59
-188.14,1.60
-188.14,1.58
-188.14,1.57
-188.14,1.59
-188.14,1.59
-188.14,1.58
-188.14,1.57
-188.14,1.58
-188.14,1.59
-188.14,1.57
-188.14,1.56
-188.14,1.58
-188.14,1.58
-188.14,1.56
-188.14,1.56
-188.14,1.58
-188.11,1.58
-188.14,1.56
-188.14,1.56
-188.14,1.58
-188.14,1.58
-188.14,1.56
-188.14,1.56
-188.14,1.58
-188.14,1.57
-188.14,1.55
-188.14,1.56
-188.14,1.51
-188.14,1.49
-188.14,1.49
-188.14,1.50
-188.14,1.52
-188.14,1.52
-188.14,1.53
-188.14,1.55
-188.14,1.56
-188.14,1.55
-188.14,1.54
-188.14,1.56
-188.14,1.57
-188.14,1.57
-188.11,1.55
-188.14,1.56
-188.14,1.58
-188.14,1.57
-188.14,1.60
-188.14,1.61
-188.14,1.62
-188.14,1.60
-188.14,1.59
-188.14,1.60
-188.14,1.60
-188.14,1.58
-188.14,1.57
-188.14,1.59
-188.14,1.59
-188.14,1.57
-188.14,1.57
-188.11,1.58
-188.14,1.58
-188.14,1.57
-188.14,1.56
-188.14,1.58
-188.14,1.58
-188.14,1.56
-188.14,1.56
-188.14,1.58
-188.14,1.57
-188.11,1.56
-188.14,1.56
-188.14,1.58
-188.14,1.58
-188.14,1.56
-188.14,1.56
-188.11,1.58
-188.14,1.57
-188.14,1.56
-188.11,1.56
-188.14,1.58
-188.14,1.57
-188.14,1.55
-188.14,1.56
-188.14,1.58
-188.14,1.57
-188.14,1.55
-188.11,1.56
-188.14,1.58
-188.14,1.57
-188.14,1.55
-188.14,1.57
-188.14,1.58
-188.14,1.56
-188.14,1.55
-188.14,1.57
-188.14,1.58
-188.14,1.56
-188.14,1.56
-188.14,1.57
-188.14,1.58
-188.14,1.56
-188.14,1.55
-188.14,1.57
-188.14,1.58
-188.14,1.56
-188.14,1.56
-188.14,1.58
-188.14,1.57
-188.14,1.56
-188.14,1.56
-188.14,1.58
-188.14,1.57
-188.14,1.56
-188.14,1.56
-188.14,1.58
-188.14,1.57
-188.14,1.56
-188.14,1.57
-188.14,1.58
-188.14,1.57
-188.14,1.56
-188.14,1.57
-188.14,1.58
-188.14,1.56
-188.14,1.56
-188.14,1.57
-188.14,1.58
-188.14,1.56
-188.14,1.56
-188.14,1.57
-188.14,1.58
-188.14,1.56
-188.14,1.56
-188.14,1.58
-188.14,1.57
-188.14,1.56
-188.14,1.56
-188.18,1.58
-188.14,1.57
-188.14,1.56
-188.14,1.56
-188.14,1.58
-188.14,1.57
-188.14,1.56
-188.14,1.57
-188.11,1.58
-188.14,1.57
-188.14,1.56
-188.14,1.57
-188.14,1.58
-188.14,1.56
-188.14,1.56
-188.14,1.57
-188.14,1.58
-188.14,1.56
-188.14,1.56
-188.14,1.57
-188.14,1.58
-188.14,1.56
-188.14,1.56
-188.14,1.58
-188.14,1.58
-188.14,1.56
-188.14,1.56
-188.14,1.58
-188.14,1.58
-188.14,1.56
-188.14,1.56
-188.14,1.58
-188.14,1.57
-188.14,1.56
-188.14,1.57
-188.14,1.58
-188.14,1.57
